dataset,hidden_dim,num_layers,gnn_type,model,bucket_hours,pos_weight,seed,val_auc,test_auc
wikipedia,32,2,GCNConv,lstm,6.0,none,0,0.9209181893397929,0.7708109212753569
wikipedia,32,2,GCNConv,lstm,6.0,none,1,0.8924085648494273,0.8153227143556702
wikipedia,32,2,GCNConv,lstm,6.0,none,2,0.8878729427714147,0.8252177584471769
wikipedia,64,2,GCNConv,lstm,6.0,none,0,0.9026959538263704,0.7956685444597393
wikipedia,64,2,GCNConv,lstm,6.0,none,1,0.9029900216314284,0.8246442025548782
wikipedia,64,2,GCNConv,lstm,6.0,none,2,0.8900535303089208,0.7952540418821116
wikipedia,128,2,GCNConv,lstm,6.0,none,0,0.9155850952480636,0.8707494206603508
wikipedia,128,2,GCNConv,lstm,6.0,none,1,0.9230489348764417,0.8627061427354086
wikipedia,128,2,GCNConv,lstm,6.0,none,2,0.9235647995853146,0.8689313930756862
wikipedia,256,2,GCNConv,lstm,6.0,none,0,0.9136213204142868,0.822836778524525
wikipedia,256,2,GCNConv,lstm,6.0,none,1,0.9189220172054586,0.8730494279864429
wikipedia,256,2,GCNConv,lstm,6.0,none,2,0.9182267212934996,0.8442202917326979
reddit,32,2,GCNConv,lstm,6.0,none,0,0.7029127447101231,0.7270990984371658
reddit,32,2,GCNConv,lstm,6.0,none,1,0.7003152690404713,0.7244782406466101
reddit,32,2,GCNConv,lstm,6.0,none,2,0.6947872009602668,0.7221044095102306
reddit,64,2,GCNConv,lstm,6.0,none,0,0.6755497394235737,0.7038024791763922
reddit,64,2,GCNConv,lstm,6.0,none,1,0.6852004448009952,0.6851220913403222
reddit,64,2,GCNConv,lstm,6.0,none,2,0.6760031920158464,0.727765173084398
reddit,128,2,GCNConv,lstm,6.0,none,0,0.6354158272197397,0.6909038346348682
reddit,128,2,GCNConv,lstm,6.0,none,1,0.6447671752353779,0.6543387698199302
reddit,128,2,GCNConv,lstm,6.0,none,2,0.6284417929013343,0.6698945343980394
reddit,256,2,GCNConv,lstm,6.0,none,0,0.6811013422680736,0.6948816499522521
reddit,256,2,GCNConv,lstm,6.0,none,1,0.6842796849608621,0.6992891227407882
reddit,256,2,GCNConv,lstm,6.0,none,2,0.6803306846135881,0.7070080194986372
mooc,32,2,GCNConv,lstm,6.0,none,0,0.8380379576241128,0.8313044155492806
mooc,32,2,GCNConv,lstm,6.0,none,1,0.839188620331565,0.8304479147471473
mooc,32,2,GCNConv,lstm,6.0,none,2,0.8352874431951322,0.8279759973144795
mooc,64,2,GCNConv,lstm,6.0,none,0,0.840683857621936,0.8325943042894255
mooc,64,2,GCNConv,lstm,6.0,none,1,0.8383811877131183,0.830986226997384
mooc,64,2,GCNConv,lstm,6.0,none,2,0.835139933005789,0.8247978943776602
mooc,128,2,GCNConv,lstm,6.0,none,0,0.8401436431687546,0.8293176001627752
mooc,128,2,GCNConv,lstm,6.0,none,1,0.8387613913847392,0.8291708416211401
mooc,128,2,GCNConv,lstm,6.0,none,2,0.8384255720181366,0.8284310504151582
mooc,256,2,GCNConv,lstm,6.0,none,0,0.8387238736022065,0.8285090873430963
mooc,256,2,GCNConv,lstm,6.0,none,1,0.8361408447007093,0.8264179968935403
mooc,256,2,GCNConv,lstm,6.0,none,2,0.8387980448497561,0.8286556482871564
